–í—ã–±–æ—Ä —Ä–µ–¥–∞–∫—Ü–∏–∏               ;–û—Ç–æ–±—Ä–∞–Ω–Ω—ã–µ –º–∞—Ç–µ—Ä–∏–∞–ª—ã –ø–æ–¥–æ–±—Ä–∞–Ω–Ω—ã–µ —Ä–µ–¥–∞–∫—Ü–∏–æ–Ω–Ω–æ–π –∫–æ–º–∞–Ω–¥–æ–π.                     ;üìù
–ü–æ–ø—É–ª—è—Ä–Ω–æ–µ                   ;–°–∞–º—ã–µ –ø—Ä–æ—Å–º–∞—Ç—Ä–∏–≤–∞–µ–º—ã–µ –∏ –ø–æ–Ω—Ä–∞–≤–∏–≤—à–∏–µ—Å—è –º–∞—Ç–µ—Ä–∏–∞–ª—ã –Ω–∞ –ø–ª–∞—Ç—Ñ–æ—Ä–º–µ.               ;üî•
–ù–æ–≤–∏–Ω–∫–∏                      ;–ù–µ–¥–∞–≤–Ω–æ –¥–æ–±–∞–≤–ª–µ–Ω–Ω—ã–π –∫–æ–Ω—Ç–µ–Ω—Ç, –ø–æ–¥–µ–ª–µ–Ω–Ω—ã–π —Å–æ–æ–±—â–µ—Å—Ç–≤–æ–º.                        ;üÜï
–õ—É—á—à–∏–µ –æ—Ü–µ–Ω–∫–∏                ;–ü—É–±–ª–∏–∫–∞—Ü–∏–∏ —Å –Ω–∞–∏–≤—ã—Å—à–∏–º–∏ –æ—Ü–µ–Ω–∫–∞–º–∏ –Ω–∞ –æ—Å–Ω–æ–≤–µ –æ—Ç–∑—ã–≤–æ–≤ –∏ –≥–æ–ª–æ—Å–æ–≤ –ø–æ–ª—å–∑–æ–≤–∞—Ç–µ–ª–µ–π. ;‚≠ê
–ï–∂–µ–º–µ—Å—è—á–Ω—ã–µ –ø–æ–¥–±–æ—Ä–∫–∏         ;–õ—É—á—à–∏–µ –º–∞—Ç–µ—Ä–∏–∞–ª—ã, –æ—Ç–æ–±—Ä–∞–Ω–Ω—ã–µ –∑–∞ –ø–æ—Å–ª–µ–¥–Ω–∏–π –º–µ—Å—è—Ü.                            ;üìÖ
–¢—Ä–µ–Ω–¥—ã                       ;–ö–æ–Ω—Ç–µ–Ω—Ç, –∫–æ—Ç–æ—Ä—ã–π –±—ã—Å—Ç—Ä–æ –Ω–∞–±–∏—Ä–∞–µ—Ç –ø–æ–ø—É–ª—è—Ä–Ω–æ—Å—Ç—å —Å—Ä–µ–¥–∏ –ø–æ–ª—å–∑–æ–≤–∞—Ç–µ–ª–µ–π.          ;üìà
–°–æ–≤–º–µ—Å—Ç–Ω—ã–µ –ø—Ä–æ–µ–∫—Ç—ã           ;–í—ã–¥–µ–ª–µ–Ω–Ω—ã–µ –≥—Ä—É–ø–ø–æ–≤—ã–µ –ø—Ä–æ–µ–∫—Ç—ã –∏ –ø—Ä–∏–º–µ—Ä—ã –∫–æ–º–∞–Ω–¥–Ω–æ–π —Ä–∞–±–æ—Ç—ã.                    ;ü§ù
–ù–µ–æ–±—Ö–æ–¥–∏–º–æ–µ –¥–ª—è —É—á–µ–±—ã        ;–ù–µ–æ–±—Ö–æ–¥–∏–º—ã–µ –º–∞—Ç–µ—Ä–∏–∞–ª—ã –¥–ª—è —Å—Ç—É–¥–µ–Ω—Ç–æ–≤, –≥–æ—Ç–æ–≤—è—â–∏—Ö—Å—è –∫ —ç–∫–∑–∞–º–µ–Ω–∞–º.               ;üìö
–õ—é–±–∏–º—ã–µ –º–∞—Ç–µ—Ä–∏–∞–ª—ã —Å–æ–æ–±—â–µ—Å—Ç–≤–∞ ;–ü—É–±–ª–∏–∫–∞—Ü–∏–∏ —Å –Ω–∞–∏–±–æ–ª—å—à–∏–º –∫–æ–ª–∏—á–µ—Å—Ç–≤–æ–º –ª–∞–π–∫–æ–≤ –∏ –∫–æ–º–º–µ–Ω—Ç–∞—Ä–∏–µ–≤.                  ;‚ù§Ô∏è
–ò–∑–±—Ä–∞–Ω–Ω—ã–µ –∞–≤—Ç–æ—Ä—ã             ;–ö–æ–Ω—Ç–µ–Ω—Ç –æ—Ç —Å–∞–º—ã—Ö –∞–∫—Ç–∏–≤–Ω—ã—Ö –∏ –∏–∑–≤–µ—Å—Ç–Ω—ã—Ö —É—á–∞—Å—Ç–Ω–∏–∫–æ–≤.                           ;üèÜ
–õ—É—á—à–µ–µ –∑–∞ –≥–æ–¥                ;–õ—É—á—à–∏–µ –º–∞—Ç–µ—Ä–∏–∞–ª—ã –∑–∞ –≤–µ—Å—å –≥–æ–¥.                                               ;üèÖ
–°–∫—Ä—ã—Ç—ã–µ –∂–µ–º—á—É–∂–∏–Ω—ã            ;–ù–µ–¥–æ–æ—Ü–µ–Ω–µ–Ω–Ω—ã–µ, –Ω–æ –∫–∞—á–µ—Å—Ç–≤–µ–Ω–Ω—ã–µ –ø—É–±–ª–∏–∫–∞—Ü–∏–∏, –∫–æ—Ç–æ—Ä—ã–µ —Å—Ç–æ–∏—Ç –∏–∑—É—á–∏—Ç—å.           ;üíé
–î–ª—è –Ω–æ–≤–∏—á–∫–æ–≤                 ;–ú–∞—Ç–µ—Ä–∏–∞–ª—ã, –ø—Ä–µ–¥–Ω–∞–∑–Ω–∞—á–µ–Ω–Ω—ã–µ –¥–ª—è –Ω–æ–≤–∏—á–∫–æ–≤ –∏ —Å—Ç—É–¥–µ–Ω—Ç–æ–≤ –ø–µ—Ä–≤–æ–≥–æ –∫—É—Ä—Å–∞.          ;üë∂
–ü—Ä–æ–¥–≤–∏–Ω—É—Ç—ã–µ –º–∞—Ç–µ—Ä–∏–∞–ª—ã        ;–°–ø–µ—Ü–∏–∞–ª–∏–∑–∏—Ä–æ–≤–∞–Ω–Ω—ã–µ —Ä–µ—Å—É—Ä—Å—ã –¥–ª—è —É–≥–ª—É–±–ª–µ–Ω–Ω–æ–≥–æ –∏–∑—É—á–µ–Ω–∏—è –∏ –∏—Å—Å–ª–µ–¥–æ–≤–∞–Ω–∏–π.        ;üî¨
–ü—Ä–µ–¥—Å—Ç–æ—è—â–∏–µ —Å–æ–±—ã—Ç–∏—è          ;–†–µ–∫–ª–∞–º–Ω—ã–π –∫–æ–Ω—Ç–µ–Ω—Ç –¥–ª—è –º–µ—Ä–æ–ø—Ä–∏—è—Ç–∏–π, –º–∞—Å—Ç–µ—Ä-–∫–ª–∞—Å—Å–æ–≤ –∏–ª–∏ —Å–µ–º–∏–Ω–∞—Ä–æ–≤.            ;üìÖ